email,password
perf-test-user001@example.com,PerfTest123!
perf-test-user002@example.com,PerfTest123!
perf-test-user003@example.com,PerfTest123!
perf-test-user004@example.com,PerfTest123!
perf-test-user005@example.com,PerfTest123!
perf-test-user006@example.com,PerfTest123!
perf-test-user007@example.com,PerfTest123!
perf-test-user008@example.com,PerfTest123!
perf-test-user009@example.com,PerfTest123!
perf-test-user010@example.com,PerfTest123!
perf-test-user011@example.com,PerfTest123!
perf-test-user012@example.com,PerfTest123!
perf-test-user013@example.com,PerfTest123!
perf-test-user014@example.com,PerfTest123!
perf-test-user015@example.com,PerfTest123!
perf-test-user016@example.com,PerfTest123!
perf-test-user017@example.com,PerfTest123!
perf-test-user018@example.com,PerfTest123!
perf-test-user019@example.com,PerfTest123!
perf-test-user020@example.com,PerfTest123!
perf-test-user021@example.com,PerfTest123!
perf-test-user022@example.com,PerfTest123!
perf-test-user023@example.com,PerfTest123!
perf-test-user024@example.com,PerfTest123!
perf-test-user025@example.com,PerfTest123!
perf-test-user026@example.com,PerfTest123!
perf-test-user027@example.com,PerfTest123!
perf-test-user028@example.com,PerfTest123!
perf-test-user029@example.com,PerfTest123!
perf-test-user030@example.com,PerfTest123!
perf-test-user031@example.com,PerfTest123!
perf-test-user032@example.com,PerfTest123!
perf-test-user033@example.com,PerfTest123!
perf-test-user034@example.com,PerfTest123!
perf-test-user035@example.com,PerfTest123!
perf-test-user036@example.com,PerfTest123!
perf-test-user037@example.com,PerfTest123!
perf-test-user038@example.com,PerfTest123!
perf-test-user039@example.com,PerfTest123!
perf-test-user040@example.com,PerfTest123!
perf-test-user041@example.com,PerfTest123!
perf-test-user042@example.com,PerfTest123!
perf-test-user043@example.com,PerfTest123!
perf-test-user044@example.com,PerfTest123!
perf-test-user045@example.com,PerfTest123!
perf-test-user046@example.com,PerfTest123!
perf-test-user047@example.com,PerfTest123!
perf-test-user048@example.com,PerfTest123!
perf-test-user049@example.com,PerfTest123!
perf-test-user050@example.com,PerfTest123!
perf-test-user051@example.com,PerfTest123!
perf-test-user052@example.com,PerfTest123!
perf-test-user053@example.com,PerfTest123!
perf-test-user054@example.com,PerfTest123!
perf-test-user055@example.com,PerfTest123!
perf-test-user056@example.com,PerfTest123!
perf-test-user057@example.com,PerfTest123!
perf-test-user058@example.com,PerfTest123!
perf-test-user059@example.com,PerfTest123!
perf-test-user060@example.com,PerfTest123!
perf-test-user061@example.com,PerfTest123!
perf-test-user062@example.com,PerfTest123!
perf-test-user063@example.com,PerfTest123!
perf-test-user064@example.com,PerfTest123!
perf-test-user065@example.com,PerfTest123!
perf-test-user066@example.com,PerfTest123!
perf-test-user067@example.com,PerfTest123!
perf-test-user068@example.com,PerfTest123!
perf-test-user069@example.com,PerfTest123!
perf-test-user070@example.com,PerfTest123!
perf-test-user071@example.com,PerfTest123!
perf-test-user072@example.com,PerfTest123!
perf-test-user073@example.com,PerfTest123!
perf-test-user074@example.com,PerfTest123!
perf-test-user075@example.com,PerfTest123!
perf-test-user076@example.com,PerfTest123!
perf-test-user077@example.com,PerfTest123!
perf-test-user078@example.com,PerfTest123!
perf-test-user079@example.com,PerfTest123!
perf-test-user080@example.com,PerfTest123!
perf-test-user081@example.com,PerfTest123!
perf-test-user082@example.com,PerfTest123!
perf-test-user083@example.com,PerfTest123!
perf-test-user084@example.com,PerfTest123!
perf-test-user085@example.com,PerfTest123!
perf-test-user086@example.com,PerfTest123!
perf-test-user087@example.com,PerfTest123!
perf-test-user088@example.com,PerfTest123!
perf-test-user089@example.com,PerfTest123!
perf-test-user090@example.com,PerfTest123!
perf-test-user091@example.com,PerfTest123!
perf-test-user092@example.com,PerfTest123!
perf-test-user093@example.com,PerfTest123!
perf-test-user094@example.com,PerfTest123!
perf-test-user095@example.com,PerfTest123!
perf-test-user096@example.com,PerfTest123!
perf-test-user097@example.com,PerfTest123!
perf-test-user098@example.com,PerfTest123!
perf-test-user099@example.com,PerfTest123!
perf-test-user100@example.com,PerfTest123!
